scraped_date,title,make,model,trim,year,price,mileage,mileage_unit,location,condition,fuel_type,engine_size,cylinders,condition_encoded,fuel_type_encoded,location_encoded,age_of_car
2025-11-26 00:12:08,2025 Haval H7,Haval,H7,Se,2025,0,0.0,km,Sulaymaniyah,New,Gasoline,2.0,4,0,2,187,0
2025-11-26 11:44:10,2025 Land Rover Range Rover Vogue Autobiography,Land Rover,Range Rover Vogue,Autobiography,2025,0,4000.0,km,Erbil,Used,Gasoline,4.4,4,1,2,102,0
2025-11-26 00:13:18,2025 MG GT LUX,Mg,Gt,Lux,2025,0,0.0,km,Baghdad,New,Gasoline,1.5,4,0,2,82,0
2025-11-26 00:13:07,2025 MG 5 Plus COM,Mg,5 Plus,Com,2025,0,0.0,km,Duhok,New,Gasoline,1.5,4,0,2,101,0
2025-11-26 11:53:09,2025 MG 3 STD,Mg,3,Std,2025,0,0.0,km,Erbil,New,Gasoline,1.5,4,0,2,102,0
2025-11-26 01:53:45,2025 MG 5 Plus COM,Mg,5 Plus,Com,2025,0,0.0,km,Erbil,New,Gasoline,1.5,4,0,2,102,0
2025-11-26 00:25:44,2025 MG 3 COM,Mg,3,Com,2025,0,0.0,km,Duhok,New,Gasoline,1.5,4,0,2,101,0
2025-11-26 12:28:22,2025 MG 3 STD,Mg,3,Std,2025,0,0.0,km,Duhok,New,Gasoline,1.5,4,0,2,101,0
2025-11-26 11:47:41,2025 MG 7 LUX,Mg,7,Lux,2025,0,0.0,km,Duhok,New,Gasoline,1.5,4,0,2,101,0
2025-11-26 14:11:43,2025 MG 5 STD,Mg,5,Std,2025,0,20000.0,km,Najaf,Used,Gasoline,1.5,4,1,2,150,0
2025-11-26 02:43:44,2025 Kia Sonet,Kia,Sonet,Se,2025,0,0.0,km,Baghdad,New,Gasoline,1.5,4,0,2,82,0
2025-11-26 02:48:39,2025 Land Rover Range Rover Vogue Autobiography,Land Rover,Range Rover Vogue,Autobiography,2025,0,2000.0,km,Erbil,Used,Gasoline,4.4,4,1,2,102,0
2025-11-26 15:46:53,2025 Volvo S60,Volvo,S60,Se,2025,0,12874.72,km,Zaxo,Used,Gasoline,2.0,4,1,2,207,0
2025-11-26 02:05:48,2025 MG 5,Mg,5,Se,2025,8800,1200.0,km,Kirkuk,Used,Gasoline,1.5,4,1,2,132,0
2025-11-26 02:03:06,2025 Toyota Corolla High Grade (Hybrid),Toyota,Corolla,High Grade (Hybrid),2025,15400,0.0,km,Duhok,New,Hybrid,1.8,4,0,6,101,0
2025-11-26 00:45:37,2025 Jeep Compass Trailhawk,Jeep,Compass,Trailhawk,2025,15800,11265.38,km,Kirkuk,Used,Gasoline,2.0,4,1,2,132,0
2025-11-26 01:18:18,2025 Kia K3,Kia,K3,Se,2025,15900,1800.0,km,Baghdad,Used,Gasoline,1.5,4,1,2,82,0
2025-11-26 00:18:28,2025 Hyundai Tucson,Hyundai,Tucson,Se,2025,27200,0.0,km,Erbil,New,Gasoline,2.0,4,0,2,102,0
2025-11-26 00:49:17,2025 Toyota Camry XSE,Toyota,Camry,Xse,2025,28500,18000.0,km,Erbil,Used,Hybrid,2.5,4,1,6,102,0
2025-11-26 00:48:29,2025 Land Rover Range Rover Evoque HSE,Land Rover,Range Rover Evoque,Hse,2025,41000,6000.0,km,Erbil,Used,Gasoline,2.0,4,1,2,102,0
2025-11-26 02:43:44,2025 Kia Telluride GT Line,Kia,Telluride,Gt Line,2025,42800,2000.0,km,Erbil,Used,Gasoline,3.8,4,1,2,102,0
2025-11-26 02:38:51,2025 GMC Yukon Denali,Gmc,Yukon,Denali,2025,79000,17000.0,km,Sulaymaniyah,Used,Gasoline,6.2,4,1,2,187,0
2025-11-26 02:13:25,2024 Land Rover Defender X‑Dynamic HSE,Land Rover,Defender,X‑Dynamic Hse,2024,0,13000.0,km,Erbil,Used,Gasoline,3.0,4,1,2,102,1
2025-11-26 02:57:26,2024 GMC Yukon SLE,Gmc,Yukon,Sle,2024,0,0.0,km,Baghdad,New,Gasoline,5.3,4,0,2,82,1
2025-11-26 00:16:41,2024 Mercedes-Benz GLS 450,Mercedes-Benz,Gls,450,2024,0,16093.4,km,Sulaymaniyah,Used,Gasoline,3.0,4,1,2,187,1
2025-11-26 16:11:12,2024 MG 5,Mg,5,Se,2024,10400,57000.0,km,Kufa,Used,Gasoline,1.5,4,1,2,134,1
2025-11-26 01:24:29,2024 Nissan Sunny,Nissan,Sunny,Se,2024,13200,32800.0,km,Baghdad,Used,Gasoline,1.5,4,1,2,82,1
2025-11-26 15:14:50,2024 Nissan Kicks,Nissan,Kicks,Se,2024,13400,20921.42,km,Sulaymaniyah,Used,Gasoline,2.0,4,1,2,187,1
2025-11-26 00:58:21,2024 Chevrolet Malibu LT,Chevrolet,Malibu,Lt,2024,13500,45061.52,km,Erbil,Used,Gasoline,1.5,4,1,2,102,1
2025-11-26 02:41:22,2024 Kia Forte FE,Kia,Forte,Fe,2024,14300,65982.94,km,Mosul,Used,Gasoline,2.0,4,1,2,145,1
2025-11-26 13:03:35,2024 Kia Forte FE,Kia,Forte,Fe,2024,14300,65982.94,km,Mosul,Used,Gasoline,2.0,4,1,2,145,1
2025-11-26 11:34:24,2024 Volkswagen Jetta Sport,Volkswagen,Jetta,Sport,2024,14500,24140.1,km,Erbil,Used,Gasoline,1.5,4,1,2,102,1
2025-11-26 16:19:12,2024 Kia Forte,Kia,Forte,Se,2024,15000,44000.0,km,Wasit,Used,Gasoline,2.0,4,1,2,204,1
2025-11-26 00:58:40,2024 Volkswagen Taos SE,Volkswagen,Taos,Se,2024,15000,28968.12,km,Erbil,Used,Gasoline,1.5,4,1,2,102,1
2025-11-26 01:59:47,2024 Toyota Corolla High Grade (Hybrid),Toyota,Corolla,High Grade (Hybrid),2024,15000,22000.0,km,Basra,Used,Hybrid,1.8,4,1,6,88,1
2025-11-26 02:44:42,2024 Chevrolet Malibu LT,Chevrolet,Malibu,Lt,2024,15300,21000.0,km,Basra,Used,Gasoline,1.5,4,1,2,88,1
2025-11-26 13:21:33,2024 Hyundai Tucson SEL,Hyundai,Tucson,Sel,2024,15700,22530.76,km,Erbil,Used,Gasoline,2.5,4,1,2,102,1
2025-11-26 02:06:14,2024 Toyota Corolla High Grade (Hybrid),Toyota,Corolla,High Grade (Hybrid),2024,15700,12700.0,km,Erbil,Used,Hybrid,1.8,4,1,6,102,1
2025-11-26 02:18:23,2024 Kia Soul,Kia,Soul,Se,2024,16300,16093.4,km,Baghdad,Used,Gasoline,2.0,4,1,2,82,1
2025-11-26 15:06:41,2024 Jetour X70 Plus Comfort,Jetour,X70 Plus,Comfort,2024,17000,53000.0,km,Kirkuk,Used,Gasoline,1.6,4,1,2,132,1
2025-11-26 00:16:38,2024 Kia Forte GT-Line,Kia,Forte,Gt-Line,2024,17000,32186.8,km,Baghdad,Used,Gasoline,2.0,4,1,2,82,1
2025-11-26 00:38:39,2024 MG GT COM,Mg,Gt,Com,2024,18000,40000.0,km,Baghdad,Used,Gasoline,1.5,4,1,2,82,1
2025-11-26 13:09:19,2024 Hyundai Kona SEL,Hyundai,Kona,Sel,2024,18500,12874.72,km,Baghdad,Used,Gasoline,2.0,4,1,2,82,1
2025-11-26 11:36:23,2024 GMC Terrain SLT,Gmc,Terrain,Slt,2024,19000,63000.0,km,Erbil,Used,Gasoline,1.5,4,1,2,102,1
2025-11-26 14:09:40,2024 Hyundai Santa Fe Limited,Hyundai,Santa Fe,Limited,2024,25500,19312.08,km,Erbil,Used,Gasoline,2.5,4,1,2,102,1
2025-11-26 00:43:19,2024 Kia Bongo,Kia,Bongo,Se,2024,31000,0.0,km,Baghdad,Used,Gasoline,2.7,4,1,2,82,1
2025-11-26 11:57:06,2024 BMW i4,Bmw,I4,Se,2024,31000,17.0,km,Baghdad,Used,EV,2.4,4,1,1,82,1
2025-11-26 00:41:34,2024 Volkswagen Atlas SE,Volkswagen,Atlas,Se,2024,31000,28968.12,km,Erbil,Used,Gasoline,2.0,4,1,2,102,1
2025-11-26 00:27:28,2024 Lexus ES 300h,Lexus,Es,300H,2024,34000,11000.0,km,Erbil,Used,Hybrid,2.5,4,1,6,102,1
2025-11-26 00:44:18,2024 GMC Sierra Elevation,Gmc,Sierra,Elevation,2024,39000,14000.0,km,Baghdad,Used,Gasoline,5.3,4,1,2,82,1
2025-11-26 11:57:39,2024 Ford Expedition Limited Stealth Edition,Ford,Expedition,Limited Stealth Edition,2024,39000,25749.44,km,Sulaymaniyah,Used,Gasoline,3.5,4,1,2,187,1
2025-11-26 00:24:13,2024 BMW 5-Series 520i,Bmw,5-Series,520I,2024,44000,94000.0,km,Baghdad,Used,Gasoline,2.0,4,1,2,82,1
2025-11-26 11:54:24,2024 BMW 5-Series 530i,Bmw,5-Series,530I,2024,44000,59545.58,km,Duhok,Used,Gasoline,2.0,4,1,2,101,1
2025-11-26 01:06:47,2024 Land Rover Range Rover Velar Dynamic SE,Land Rover,Range Rover Velar,Dynamic Se,2024,53000,17000.0,km,Erbil,Used,Gasoline,2.0,4,1,2,102,1
2025-11-26 00:24:48,2024 Mercedes-Benz GLE AMG53,Mercedes-Benz,Gle,Amg53,2024,79000,8350.0,km,Baghdad,Used,Gasoline,3.0,4,1,2,82,1
2025-11-26 00:35:12,2023 Toyota Crown,Toyota,Crown,Se,2023,0,0.0,km,Duhok,New,Hybrid,2.5,4,0,6,101,2
2025-11-26 13:50:22,2023 Chevrolet Colorado LT,Chevrolet,Colorado,Lt,2023,0,48280.2,km,Erbil,Used,Gasoline,2.7,4,1,2,102,2
2025-11-26 14:11:50,2023 Land Rover Range Rover Vogue SE,Land Rover,Range Rover Vogue,Se,2023,0,32186.8,km,Duhok,Used,Gasoline,3.0,4,1,2,101,2
2025-11-26 15:44:59,2023 Mercedes-Benz G-Class AMG63,Mercedes-Benz,G-Class,Amg63,2023,0,8000.0,km,Erbil,Used,Gasoline,4.0,4,1,2,102,2
2025-11-26 00:14:12,2023 Ford F-150 XLT,Ford,F-150,Xlt,2023,0,37014.82,km,Erbil,Used,Gasoline,3.5,4,1,2,102,2
2025-11-26 00:13:11,2023 MG RX5 STD,Mg,Rx5,Std,2023,0,0.0,km,Mosul,New,Gasoline,1.5,4,0,2,145,2
2025-11-26 03:00:14,2023 Land Rover Defender X-Dynamic,Land Rover,Defender,X-Dynamic,2023,0,33796.14,km,Erbil,Used,Gasoline,3.0,4,1,2,102,2
2025-11-26 00:50:50,2023 Chevrolet Malibu LT,Chevrolet,Malibu,Lt,2023,11700,52000.0,km,Erbil,Used,Gasoline,1.5,4,1,2,102,2
2025-11-26 02:55:40,2023 Nissan Sunny SV Comfort,Nissan,Sunny,Sv Comfort,2023,12600,57000.0,km,Hillah,Used,Gasoline,1.5,4,1,2,116,2
2025-11-26 16:01:41,2023 Nissan Versa S,Nissan,Versa,S,2023,13000,54717.56,km,Kirkuk,Used,Gasoline,1.6,4,1,2,132,2
2025-11-26 02:21:33,2023 Nissan Kicks SR,Nissan,Kicks,Sr,2023,13500,67592.28,km,Erbil,Used,Gasoline,1.6,4,1,2,102,2
2025-11-26 15:18:00,2023 Nissan Sentra SR,Nissan,Sentra,Sr,2023,14000,96560.4,km,Sulaymaniyah,Used,Gasoline,2.0,4,1,2,187,2
2025-11-26 11:59:29,2023 Kia Sportage LX,Kia,Sportage,Lx,2023,15700,40000.0,km,Erbil,Used,Gasoline,2.5,4,1,2,102,2
2025-11-26 12:24:58,2023 Volkswagen Jetta S,Volkswagen,Jetta,S,2023,16200,6437.36,km,Erbil,Used,Gasoline,1.5,4,1,2,102,2
2025-11-26 15:01:58,2023 Hyundai Elantra Limited,Hyundai,Elantra,Limited,2023,17200,48280.2,km,Basra,Used,Gasoline,2.0,4,1,2,88,2
2025-11-26 16:02:20,2023 Mazda CX-5,Mazda,Cx-5,Se,2023,17900,72420.3,km,Erbil,Used,Gasoline,2.5,4,1,2,102,2
2025-11-26 02:53:13,2023 Toyota Corolla GLI,Toyota,Corolla,Gli,2023,18300,100000.0,km,Erbil,Used,Gasoline,1.8,4,1,2,102,2
2025-11-26 01:58:04,2023 Volkswagen Jetta SEL Premium,Volkswagen,Jetta,Sel Premium,2023,18500,75638.98,km,Erbil,Used,Gasoline,1.5,4,1,2,102,2
2025-11-26 01:15:31,2023 Kia Sportage,Kia,Sportage,Se,2023,18900,35000.0,km,Baghdad,Used,Hybrid,1.6,4,1,6,82,2
2025-11-26 12:18:10,2023 Chrysler Voyager,Chrysler,Voyager,Se,2023,21500,53000.0,km,Baghdad,Used,Gasoline,3.6,4,1,2,82,2
2025-11-26 00:44:10,2023 Nissan Maxima SR,Nissan,Maxima,Sr,2023,22000,74029.64,km,Baghdad,Used,Gasoline,3.5,4,1,2,82,2
2025-11-26 15:19:01,2023 Ford Edge SEL,Ford,Edge,Sel,2023,22500,32186.8,km,Sulaymaniyah,Used,Gasoline,2.0,4,1,2,187,2
2025-11-26 14:50:52,2023 Chevrolet Traverse LTZ,Chevrolet,Traverse,Ltz,2023,22700,29000.0,km,Erbil,Used,Gasoline,3.6,4,1,2,102,2
2025-11-26 13:49:53,2023 Dodge Challenger GT,Dodge,Challenger,Gt,2023,23000,27358.78,km,Erbil,Used,Gasoline,3.6,4,1,2,102,2
2025-11-26 01:59:47,2023 Volkswagen Arteon R-Line,Volkswagen,Arteon,R-Line,2023,25800,19312.08,km,Erbil,Used,Gasoline,2.0,4,1,2,102,2
2025-11-26 14:14:18,2023 Dodge Charger GT Plus,Dodge,Charger,Gt Plus,2023,26000,37014.82,km,Baghdad,Used,Gasoline,3.6,4,1,2,82,2
2025-11-26 15:14:50,2023 Ford Explorer Limited,Ford,Explorer,Limited,2023,26800,38000.0,km,Sulaymaniyah,Used,Gasoline,2.3,4,1,2,187,2
2025-11-26 15:56:34,2023 Kia Telluride S,Kia,Telluride,S,2023,27000,37014.82,km,Baghdad,Used,Gasoline,3.8,4,1,2,82,2
2025-11-26 12:12:11,2023 Volkswagen Tiguan SE R-Line Black,Volkswagen,Tiguan,Se R-Line Black,2023,27500,38624.16,km,Erbil,Used,Gasoline,2.0,4,1,2,102,2
2025-11-26 00:46:29,2023 Jeep Wrangler Sport,Jeep,Wrangler,Sport,2023,27900,40233.5,km,Erbil,Used,Gasoline,3.6,4,1,2,102,2
2025-11-26 03:06:55,2023 Dodge Charger SXT,Dodge,Charger,Sxt,2023,28500,61154.92,km,Kut,Used,Gasoline,3.6,4,1,2,136,2
2025-11-26 00:53:56,2023 Ford Explorer,Ford,Explorer,Se,2023,28800,22530.76,km,Erbil,Used,Gasoline,2.3,4,1,2,102,2
2025-11-26 01:06:31,2023 Chrysler 300 Touring,Chrysler,300,Touring,2023,31000,20116.75,km,Baghdad,Used,Gasoline,3.6,4,1,2,82,2
2025-11-26 12:18:58,2023 Chrysler 300 Touring,Chrysler,300,Touring,2023,31000,18105.075,km,Baghdad,Used,Gasoline,3.6,4,1,2,82,2
2025-11-26 02:17:46,2023 Ford Bronco BIG BEND,Ford,Bronco,Big Bend,2023,32000,24140.1,km,Erbil,Used,Gasoline,2.7,4,1,2,102,2
2025-11-26 00:31:35,2023 Ford Bronco Black Diamond,Ford,Bronco,Black Diamond,2023,35500,44000.0,km,Duhok,Used,Gasoline,2.3,4,1,2,101,2
2025-11-26 01:16:30,2023 Mercedes-Benz E-Class E200,Mercedes-Benz,E-Class,E200,2023,35500,70810.96,km,Erbil,Used,Gasoline,2.0,4,1,2,102,2
2025-11-26 13:15:26,2023 Jeep Gladiator Willys,Jeep,Gladiator,Willys,2023,36000,11265.38,km,Erbil,Used,Gasoline,3.6,4,1,2,102,2
2025-11-26 00:44:58,2023 Volkswagen Atlas R-Line,Volkswagen,Atlas,R-Line,2023,36500,51498.88,km,Mosul,Used,Gasoline,3.6,4,1,2,145,2
2025-11-26 00:20:23,2023 BMW X5 xDrive45e,Bmw,X5,Xdrive45E,2023,38000,75000.0,km,Basra,Used,Hybrid,3.0,4,1,6,88,2
2025-11-26 02:28:22,2023 Chrysler 300 Platinum,Chrysler,300,Platinum,2023,39500,32186.8,km,Baghdad,Used,Gasoline,3.6,4,1,2,82,2
2025-11-26 01:02:30,2023 Toyota Highlander XSE,Toyota,Highlander,Xse,2023,40500,62764.26,km,Duhok,Used,Gasoline,2.4,4,1,2,101,2
2025-11-26 01:51:38,2023 Genesis GV80,Genesis,Gv80,Se,2023,42500,109435.12,km,Amarah,Used,Gasoline,3.5,4,1,2,69,2
2025-11-26 13:09:13,2023 GMC Yukon SLE,Gmc,Yukon,Sle,2023,46000,80000.0,km,Baghdad,Used,Gasoline,5.3,4,1,2,82,2
2025-11-26 01:02:26,2023 GMC Sierra AT4,Gmc,Sierra,At4,2023,48500,20921.42,km,Baghdad,Used,Gasoline,6.2,4,1,2,82,2
2025-11-26 02:31:55,2023 GMC Yukon SLE,Gmc,Yukon,Sle,2023,49000,66000.0,km,Baghdad,Used,Gasoline,5.3,4,1,2,82,2
2025-11-26 00:34:48,2023 BMW 7-Series 740i,Bmw,7-Series,740I,2023,74000,74029.64,km,Erbil,Used,Gasoline,3.0,4,1,2,102,2
2025-11-26 15:09:07,2023 BMW 7-Series 760,Bmw,7-Series,760,2023,79000,38624.16,km,Duhok,Used,Gasoline,4.4,4,1,2,101,2
2025-11-26 11:53:29,2022 MG HS LUX 1.5T,Mg,Hs,Lux 1.5T,2022,0,0.0,km,Karbala,New,Gasoline,1.5,4,0,2,125,3
2025-11-26 01:46:43,2026 Jetour X70 Luxury,Jetour,X70,Luxury,2022,0,0.0,km,Erbil,New,Gasoline,1.5,4,0,2,102,3
2025-11-26 00:13:39,2026 Mercedes-Benz G-Class AMG63,Mercedes-Benz,G-Class,Amg63,2022,0,0.0,km,Erbil,New,Gasoline,4.0,4,0,2,102,3
2025-11-26 01:47:28,2026 Soueast S06 Comfort,Soueast,S06,Comfort,2022,0,0.0,km,Erbil,New,Gasoline,1.5,4,0,2,102,3
2025-11-26 02:03:34,2026 Kia Tasman LX,Kia,Tasman,Lx,2022,0,0.0,km,Mosul,New,Gasoline,2.5,4,0,2,145,3
2025-11-26 01:21:34,2022 Nissan Altima S,Nissan,Altima,S,2022,0,64373.6,km,Erbil,Used,Gasoline,2.5,4,1,2,102,3
2025-11-26 14:01:43,2022 MG ZS,Mg,Zs,Se,2022,11800,76000.0,km,Erbil,Used,Gasoline,1.5,4,1,2,102,3
2025-11-26 11:30:02,2022 Volkswagen Bora,Volkswagen,Bora,Se,2022,12700,0.0,km,Erbil,New,Gasoline,1.5,4,0,2,102,3
2025-11-26 13:33:33,2022 Chevrolet Malibu LT,Chevrolet,Malibu,Lt,2022,13800,83000.0,km,Basra,Used,Gasoline,1.5,4,1,2,88,3
2025-11-26 15:21:49,2022 Ford Edge SEL,Ford,Edge,Sel,2022,17000,88513.7,km,Baghdad,Used,Gasoline,2.0,4,1,2,82,3
2025-11-26 01:04:39,2022 Toyota Corolla GLI,Toyota,Corolla,Gli,2022,18000,22000.0,km,Baghdad,Used,Gasoline,1.8,4,1,2,82,3
2025-11-26 02:05:35,2022 Hyundai Tucson SE,Hyundai,Tucson,Se,2022,19600,88513.7,km,Musayib,Used,Gasoline,2.5,4,1,2,147,3
2025-11-26 00:47:46,2022 GMC Terrain SLE,Gmc,Terrain,Sle,2022,21500,83824.0,km,Wasit,Used,Gasoline,1.5,4,1,2,204,3
2025-11-26 01:56:14,2022 Dodge Challenger,Dodge,Challenger,Se,2022,21700,53000.0,km,Diala,Used,Gasoline,3.6,4,1,2,99,3
2025-11-26 11:36:37,2022 Dodge Challenger RT,Dodge,Challenger,Rt,2022,22500,21000.0,km,Karbala,Used,Gasoline,5.7,4,1,2,125,3
2025-11-26 12:36:03,2022 Jeep Grand Cherokee Limited,Jeep,Grand Cherokee,Limited,2022,23700,60000.0,km,Baghdad,Used,Gasoline,3.6,4,1,2,82,3
2025-11-26 13:04:31,2022 Dodge Charger SXT,Dodge,Charger,Sxt,2022,25300,69201.62,km,Basra,Used,Gasoline,3.6,4,1,2,88,3
2025-11-26 01:19:46,2022 Dodge Charger SXT,Dodge,Charger,Sxt,2022,25500,104607.1,km,Diala,Used,Gasoline,3.6,4,1,2,99,3
2025-11-26 00:44:03,2022 Dodge Charger GT,Dodge,Charger,Gt,2022,26500,54717.56,km,Mosul,Used,Gasoline,3.6,4,1,2,145,3
2025-11-26 12:44:51,2022 Mercedes-Benz GLA 250,Mercedes-Benz,Gla,250,2022,27000,54300.0,km,Erbil,Used,Gasoline,2.0,4,1,2,102,3
2025-11-26 00:42:57,2022 Nissan Frontier PRO-4X,Nissan,Frontier,Pro-4X,2022,28000,43452.18,km,Sulaymaniyah,Used,Gasoline,3.8,4,1,2,187,3
2025-11-26 00:36:22,2022 Nissan Pathfinder Platinium,Nissan,Pathfinder,Platinium,2022,28500,49889.54,km,Duhok,Used,Gasoline,3.5,4,1,2,101,3
2025-11-26 12:51:58,2022 Mercedes-Benz GLB 250,Mercedes-Benz,Glb,250,2022,30000,78857.66,km,Baghdad,Used,Gasoline,2.0,4,1,2,82,3
2025-11-26 12:37:55,2022 Genesis GV70,Genesis,Gv70,Se,2022,36800,48280.2,km,Hillah,Used,Gasoline,3.5,4,1,2,116,3
2025-11-26 13:22:27,2022 Jeep Wrangler Rubicon,Jeep,Wrangler,Rubicon,2022,37000,23000.0,km,Erbil,Used,Gasoline,3.6,4,1,2,102,3
2025-11-26 13:14:34,2022 BMW 5-Series M550i,Bmw,5-Series,M550I,2022,47000,32186.8,km,Baghdad,Used,Gasoline,4.4,4,1,2,82,3
2025-11-26 00:31:11,2022 Land Rover Range Rover Sport SE,Land Rover,Range Rover Sport,Se,2022,58500,43000.0,km,Erbil,Used,Gasoline,3.0,4,1,2,102,3
2025-11-26 12:57:43,2022 Toyota Land Cruiser G-XR 4L,Toyota,Land Cruiser,G-Xr 4L,2022,72700,0.0,km,Erbil,New,Gasoline,4.0,4,0,2,102,3
2025-11-26 00:56:24,2021 Kia Sorento,Kia,Sorento,Se,2021,0,116000.0,km,Erbil,Used,Gasoline,3.5,4,1,2,102,4
2025-11-26 01:19:54,2021 Nissan Sunny,Nissan,Sunny,Se,2021,11000,122000.0,km,Baghdad,Used,Gasoline,1.5,4,1,2,82,4
2025-11-26 01:11:42,2021 Volkswagen Passat R-line,Volkswagen,Passat,R-Line,2021,15800,69201.62,km,Erbil,Used,Gasoline,2.0,4,1,2,102,4
2025-11-26 12:31:37,2021 Hyundai Avante,Hyundai,Avante,Se,2021,16000,22000.0,km,Basra,Used,Gasoline,1.6,4,1,2,88,4
2025-11-26 00:11:07,2021 Kia Sportage EX,Kia,Sportage,Ex,2021,19600,55000.0,km,Erbil,Used,Gasoline,2.4,4,1,2,102,4
2025-11-26 15:09:51,2021 Dodge Charger SXT,Dodge,Charger,Sxt,2021,22000,143231.26,km,Baghdad,Used,Gasoline,3.6,4,1,2,82,4
2025-11-26 11:36:37,2021 Jeep Grand Cherokee Laredo,Jeep,Grand Cherokee,Laredo,2021,23000,120000.0,km,Baghdad,Used,Gasoline,3.6,4,1,2,82,4
2025-11-26 13:37:44,2021 Chrysler 300 S,Chrysler,300,S,2021,24000,102997.76,km,Mosul,Used,Gasoline,3.6,4,1,2,145,4
2025-11-26 11:50:05,2021 Chrysler 300 Touring,Chrysler,300,Touring,2021,27000,70810.96,km,Baghdad,Used,Gasoline,3.6,4,1,2,82,4
2025-11-26 00:54:48,2021 Dodge Durango R/T,Dodge,Durango,R/T,2021,28500,144840.6,km,Nasiriyah,Used,Gasoline,5.7,4,1,2,151,4
2025-11-26 00:19:17,2021 Jeep Wrangler Sport,Jeep,Wrangler,Sport,2021,29500,40233.5,km,Duhok,Used,Gasoline,2.0,4,1,2,101,4
2025-11-26 00:12:32,2021 Toyota 4Runner SR5 Premium,Toyota,4Runner,Sr5 Premium,2021,31000,50000.0,km,Najaf,Used,Gasoline,4.0,4,1,2,150,4
2025-11-26 02:02:51,2021 Jeep Grand Cherokee Limited,Jeep,Grand Cherokee,Limited,2021,31500,144840.6,km,Sulaymaniyah,Used,Gasoline,3.6,4,1,2,187,4
2025-11-26 01:18:18,2021 Jeep Grand Cherokee Overland,Jeep,Grand Cherokee,Overland,2021,35000,85000.0,km,Baghdad,Used,Gasoline,3.6,4,1,2,82,4
2025-11-26 12:21:06,2021 BMW X6 M50i,Bmw,X6,M50I,2021,65000,62000.0,km,Erbil,Used,Gasoline,4.4,4,1,2,102,4
2025-11-26 02:36:19,2021 Land Rover Range Rover Vogue Autobiography,Land Rover,Range Rover Vogue,Autobiography,2021,69000,29000.0,km,Baghdad,Used,Gasoline,5.0,4,1,2,82,4
2025-11-26 02:34:41,2020 Nissan Altima S,Nissan,Altima,S,2020,13900,115000.0,km,Erbil,Used,Gasoline,2.5,4,1,2,102,5
2025-11-26 01:47:23,2020 Nissan Altima SR,Nissan,Altima,Sr,2020,16500,70000.0,km,Erbil,Used,Gasoline,2.5,4,1,2,102,5
2025-11-26 02:05:10,2020 GMC Terrain Denali,Gmc,Terrain,Denali,2020,17500,74000.0,km,Karbala,Used,Gasoline,2.0,4,1,2,125,5
2025-11-26 02:40:34,2020 Toyota Camry SE,Toyota,Camry,Se,2020,18000,140012.58,km,Duhok,Used,Gasoline,2.5,4,1,2,101,5
2025-11-26 00:59:37,2020 Toyota Camry TRD,Toyota,Camry,Trd,2020,19500,70000.0,km,Baghdad,Used,Gasoline,3.5,4,1,2,82,5
2025-11-26 03:06:02,2020 Dodge Charger SXT,Dodge,Charger,Sxt,2020,22700,130000.0,km,Salahaddin,Used,Gasoline,3.6,4,1,2,175,5
2025-11-26 02:00:17,2020 Toyota Camry SE,Toyota,Camry,Se,2020,23500,138403.24,km,Zaxo,Used,Gasoline,2.5,4,1,2,207,5
2025-11-26 00:40:45,2020 Chrysler Pacifica Limited,Chrysler,Pacifica,Limited,2020,25000,128203.24308,km,Baghdad,Used,Gasoline,3.6,4,1,2,82,5
2025-11-26 00:38:02,2020 Kia Sorento,Kia,Sorento,Se,2020,26500,71100.0,km,Hillah,Used,Gasoline,3.5,4,1,2,116,5
2025-11-26 02:30:43,2020 Toyota Fortuner GXR,Toyota,Fortuner,Gxr,2020,28000,37000.0,km,Sulaymaniyah,Used,Gasoline,2.7,4,1,2,187,5
2025-11-26 15:43:16,2020 BMW 5-Series 530i,Bmw,5-Series,530I,2020,28200,136793.9,km,Erbil,Used,Gasoline,2.0,4,1,2,102,5
2025-11-26 02:29:20,2020 Toyota Avalon Limited,Toyota,Avalon,Limited,2020,35800,85000.0,km,Kirkuk,Used,Gasoline,3.5,4,1,2,132,5
2025-11-26 01:44:40,2020 Chevrolet Tahoe Premier,Chevrolet,Tahoe,Premier,2020,41000,83000.0,km,Al-Diwaniyah,Used,Gasoline,5.3,4,1,2,39,5
2025-11-26 02:35:21,2020 Mercedes-Benz S-Class S450,Mercedes-Benz,S-Class,S450,2020,53000,35000.0,km,Baghdad,Used,Gasoline,3.0,4,1,2,82,5
2025-11-26 01:44:31,2019 Ford Fusion Titanium,Ford,Fusion,Titanium,2019,13800,120000.0,km,Baghdad,Used,Gasoline,2.0,4,1,2,82,6
2025-11-26 00:45:34,2019 Volkswagen Jetta SE,Volkswagen,Jetta,Se,2019,13800,130000.0,km,Baghdad,Used,Gasoline,1.4,4,1,2,82,6
2025-11-26 12:10:03,2019 Toyota Yaris LE,Toyota,Yaris,Le,2019,13800,70000.0,km,Sulaymaniyah,Used,Gasoline,1.5,4,1,2,187,6
2025-11-26 00:15:31,2019 Toyota Rush G-Grade,Toyota,Rush,G-Grade,2019,15900,92000.0,km,Duhok,Used,Gasoline,1.5,4,1,2,101,6
2025-11-26 00:47:59,2019 Kia Sportage EX,Kia,Sportage,Ex,2019,16500,82076.34,km,Baghdad,Used,Gasoline,2.4,4,1,2,82,6
2025-11-26 12:40:16,2019 Volkswagen Jetta SEL,Volkswagen,Jetta,Sel,2019,16700,219000.0,km,Erbil,Used,Gasoline,1.4,4,1,2,102,6
2025-11-26 01:13:55,2019 Dodge Grand Caravan,Dodge,Grand Caravan,Se,2019,17500,144840.6,km,Basra,Used,Gasoline,3.6,4,1,2,88,6
2025-11-26 00:31:35,2019 Chevrolet Impala LT2,Chevrolet,Impala,Lt2,2019,17800,40233.5,km,Diala,Used,Gasoline,3.6,4,1,2,99,6
2025-11-26 14:54:14,2019 Dodge Challenger SXT,Dodge,Challenger,Sxt,2019,20000,153000.0,km,Diala,Used,Gasoline,3.6,4,1,2,99,6
2025-11-26 00:18:57,2019 Volkswagen Atlas SE,Volkswagen,Atlas,Se,2019,22500,114000.0,km,Hosseinia,Used,Gasoline,3.6,4,1,2,119,6
2025-11-26 00:24:13,2019 Dodge Charger SXT,Dodge,Charger,Sxt,2019,22500,149668.62,km,Baghdad,Used,Gasoline,3.6,4,1,2,82,6
2025-11-26 02:39:31,2019 Chrysler 300 S,Chrysler,300,S,2019,27700,128747.2,km,Diala,Used,Gasoline,3.6,4,1,2,99,6
2025-11-26 01:08:11,2019 Dodge Charger GT,Dodge,Charger,Gt,2019,29000,85295.02,km,Karbala,Used,Gasoline,3.6,4,1,2,125,6
2025-11-26 02:45:57,2019 Jeep Grand Cherokee Laredo,Jeep,Grand Cherokee,Laredo,2019,30000,30500.0,km,Baghdad,Used,Gasoline,3.6,4,1,2,82,6
2025-11-26 15:37:27,2019 Jeep Grand Cherokee S,Jeep,Grand Cherokee,S,2019,31000,78857.66,km,Erbil,Used,Gasoline,3.6,4,1,2,102,6
2025-11-26 12:50:20,2019 Land Rover Range Rover Sport SE,Land Rover,Range Rover Sport,Se,2019,44000,49000.0,km,Baghdad,Used,Gasoline,3.0,4,1,2,82,6
2025-11-26 00:43:19,2019 Land Rover Range Rover Vogue Autobiography,Land Rover,Range Rover Vogue,Autobiography,2019,49000,120000.0,km,Erbil,Used,Gasoline,5.0,4,1,2,102,6
2025-11-26 00:45:17,2019 Toyota Land Cruiser GX.R,Toyota,Land Cruiser,Gx.R,2019,56000,81000.0,km,Karbala,Used,Gasoline,4.0,4,1,2,125,6
2025-11-26 00:10:56,2018 Chevrolet Malibu LS,Chevrolet,Malibu,Ls,2018,11000,125528.52,km,Al Abassiya,Used,Gasoline,1.5,4,1,2,6,7
2025-11-26 02:25:26,2018 Jeep Renegade Latitude,Jeep,Renegade,Latitude,2018,12800,72000.0,km,Baghdad,Used,Gasoline,2.4,4,1,2,82,7
2025-11-26 01:05:18,2018 Volkswagen Passat SE,Volkswagen,Passat,Se,2018,13500,178636.74,km,Duhok,Used,Gasoline,2.0,4,1,2,101,7
2025-11-26 00:23:34,2018 Chevrolet Equinox LT,Chevrolet,Equinox,Lt,2018,14000,180000.0,km,Babil,Used,Gasoline,2.0,4,1,2,80,7
2025-11-26 03:08:00,2018 Mitsubishi Outlander SE,Mitsubishi,Outlander,Se,2018,14500,214042.22,km,Duhok,Used,Gasoline,2.4,4,1,2,101,7
2025-11-26 01:26:12,2018 Hyundai Tucson Mid,Hyundai,Tucson,Mid,2018,16500,95647.0,km,Baghdad,Used,Gasoline,2.0,4,1,2,82,7
2025-11-26 13:54:41,2018 Ford Mustang EcoBoost,Ford,Mustang,Ecoboost,2018,16900,128747.2,km,Kut,Used,Gasoline,2.3,4,1,2,136,7
2025-11-26 14:35:04,2018 Toyota Camry SE,Toyota,Camry,Se,2018,18000,257494.4,km,Erbil,Used,Gasoline,2.5,4,1,2,102,7
2025-11-26 12:46:41,2018 Toyota RAV4 XLE,Toyota,Rav4,Xle,2018,18200,106000.0,km,Kirkuk,Used,Gasoline,2.5,4,1,2,132,7
2025-11-26 11:47:30,2018 Dodge Charger SXT,Dodge,Charger,Sxt,2018,18500,160000.0,km,Maysan,Used,Gasoline,3.6,4,1,2,143,7
2025-11-26 00:30:44,2018 GMC Terrain Denali,Gmc,Terrain,Denali,2018,20000,100000.0,km,Abu Ghraib,Used,Gasoline,2.0,4,1,2,2,7
2025-11-26 00:53:59,2018 Chevrolet Tahoe Premier,Chevrolet,Tahoe,Premier,2018,39000,120700.5,km,Baghdad,Used,Gasoline,5.3,4,1,2,82,7
2025-11-26 00:26:51,2017 Saipa 131 GT-Line,Saipa,131,Gt-Line,2017,3200,222000.0,km,Basra,Used,Gasoline,1.3,4,1,2,88,8
2025-11-26 01:23:25,2017 Ford Focus SE,Ford,Focus,Se,2017,8200,170000.0,km,Erbil,Used,Gasoline,2.0,4,1,2,102,8
2025-11-26 01:59:06,2017 Hyundai Elantra Limited,Hyundai,Elantra,Limited,2017,9000,200000.0,km,Baghdad,Used,Gasoline,2.0,4,1,2,82,8
2025-11-26 02:46:34,2017 Chrysler 200,Chrysler,200,Se,2017,11500,160000.0,km,Baghdad,Used,Gasoline,2.4,4,1,2,82,8
2025-11-26 13:29:53,2017 Hyundai Elantra SE,Hyundai,Elantra,Se,2017,11500,201167.5,km,Baghdad,Used,Gasoline,2.0,4,1,2,82,8
2025-11-26 12:40:06,2017 Hyundai Santa Fe Sport,Hyundai,Santa Fe,Sport,2017,13800,160934.0,km,Najaf,Used,Gasoline,2.4,4,1,2,150,8
2025-11-26 00:27:33,2017 Nissan Maxima,Nissan,Maxima,Se,2017,15000,88513.7,km,Baghdad,Used,Gasoline,3.5,4,1,2,82,8
2025-11-26 02:47:07,2017 Chrysler 300,Chrysler,300,Se,2017,20500,233354.3,km,Kirkuk,Used,Gasoline,3.6,4,1,2,132,8
2025-11-26 00:16:47,2017 Dodge Charger SXT,Dodge,Charger,Sxt,2017,21000,98169.74,km,Karbala,Used,Gasoline,3.6,4,1,2,125,8
2025-11-26 01:05:38,2017 Chrysler 300 C,Chrysler,300,C,2017,23500,144840.6,km,Baghdad,Used,Gasoline,3.6,4,1,2,82,8
2025-11-26 02:32:33,2017 Mercedes-Benz E-Class E300,Mercedes-Benz,E-Class,E300,2017,27800,143231.26,km,Baghdad,Used,Gasoline,2.0,4,1,2,82,8
2025-11-26 01:02:18,2017 Mercedes-Benz G-Class AMG63,Mercedes-Benz,G-Class,Amg63,2017,52000,100000.0,km,Erbil,Used,Gasoline,5.5,4,1,2,102,8
2025-11-26 01:21:34,2016 Ford Fusion SE,Ford,Fusion,Se,2016,9500,60000.0,km,Erbil,Used,Gasoline,2.5,4,1,2,102,9
2025-11-26 01:56:46,2016 Kia Soul SX,Kia,Soul,Sx,2016,11800,33000.0,km,Karbala,Used,Gasoline,2.0,4,1,2,125,9
2025-11-26 11:55:09,2016 Chrysler 200 S,Chrysler,200,S,2016,12200,106000.0,km,Mosul,Used,Gasoline,3.6,4,1,2,145,9
2025-11-26 15:56:34,2016 Hyundai Sonata GDI Base,Hyundai,Sonata,Gdi Base,2016,13000,199558.16,km,Amarah,Used,Gasoline,2.4,4,1,2,69,9
2025-11-26 01:58:46,2016 Kia Cerato,Kia,Cerato,Se,2016,13500,150000.0,km,Basra,Used,Gasoline,1.6,4,1,2,88,9
2025-11-26 15:54:33,2016 Hyundai Sonata Sport,Hyundai,Sonata,Sport,2016,15300,104000.0,km,Al-Fallujah,Used,Gasoline,2.4,4,1,2,41,9
2025-11-26 02:21:17,2016 Ford Mustang V-6,Ford,Mustang,V-6,2016,15500,98000.0,km,Basra,Used,Gasoline,3.7,4,1,2,88,9
2025-11-26 14:49:42,2016 Dodge Charger RT,Dodge,Charger,Rt,2016,19000,225307.6,km,Baghdad,Used,Gasoline,5.7,4,1,2,82,9
2025-11-26 12:24:21,2016 BMW X5 sDrive40i,Bmw,X5,Sdrive40I,2016,21800,172199.38,km,Erbil,Used,Gasoline,3.0,4,1,2,102,9
2025-11-26 15:35:09,2016 Chrysler 300 C,Chrysler,300,C,2016,24000,156000.0,km,Basra,Used,Gasoline,3.6,4,1,2,88,9
2025-11-26 00:18:52,2016 Chrysler 300 C,Chrysler,300,C,2016,25000,170000.0,km,Basra,Used,Gasoline,3.6,4,1,2,88,9
2025-11-26 01:48:47,2015 Kia Optima GDI,Kia,Optima,Gdi,2015,12500,164812.5094,km,Baghdad,Used,Gasoline,2.4,4,1,2,82,10
2025-11-26 01:48:34,2015 Ford Mustang V-6,Ford,Mustang,V-6,2015,14500,199558.16,km,Baghdad,Used,Gasoline,3.7,4,1,2,82,10
2025-11-26 01:43:01,2015 BMW X6 M50i,Bmw,X6,M50I,2015,28000,167371.36,km,Baghdad,Used,Gasoline,4.4,4,1,2,82,10
2025-11-26 00:50:58,2014 Kia Soul,Kia,Soul,Se,2014,11200,101388.42,km,Hillah,Used,Gasoline,2.0,4,1,2,116,11
2025-11-26 02:19:26,2014 Chevrolet Camaro RS,Chevrolet,Camaro,Rs,2014,12000,160000.0,km,Baghdad,Used,Gasoline,3.6,4,1,2,82,11
2025-11-26 13:15:12,2014 Land Rover LR2 SE,Land Rover,Lr2,Se,2014,13600,166000.0,km,Erbil,Used,Gasoline,2.0,4,1,2,102,11
2025-11-26 00:22:50,2014 Kia Sorento,Kia,Sorento,Se,2014,16400,122000.0,km,Nasiriyah,Used,Gasoline,2.4,4,1,2,151,11
2025-11-26 02:38:40,2014 BMW X3,Bmw,X3,Se,2014,18000,114000.0,km,Erbil,Used,Gasoline,2.0,4,1,2,102,11
2025-11-26 01:01:25,2014 Hyundai Santa Fe,Hyundai,Santa Fe,Se,2014,18500,178000.0,km,Amarah,Used,Gasoline,3.3,4,1,2,69,11
2025-11-26 00:46:19,2013 Mercedes-Benz CLS CLS450,Mercedes-Benz,Cls,Cls450,2013,0,90000.0,km,Baghdad,Used,Gasoline,3.5,4,1,2,82,12
2025-11-26 00:15:23,2013 Chevrolet Malibu LTZ,Chevrolet,Malibu,Ltz,2013,0,242000.0,km,Diala,Used,Gasoline,2.4,4,1,2,99,12
2025-11-26 16:10:32,2013 Chevrolet Aveo LT,Chevrolet,Aveo,Lt,2013,6900,300000.0,km,Kufa,Used,Gasoline,1.6,4,1,2,134,12
2025-11-26 01:43:39,2013 Hyundai Tucson SEL,Hyundai,Tucson,Sel,2013,15500,329000.0,km,Akre,Used,Gasoline,2.5,4,1,2,5,12
2025-11-26 13:28:16,2013 Kia Quoris Luxury,Kia,Quoris,Luxury,2013,17300,192000.0,km,Baghdad,Used,Gasoline,3.8,4,1,2,82,12
2025-11-26 01:25:01,2012 GMC Terrain SLE,Gmc,Terrain,Sle,2012,11300,209214.2,km,Duhok,Used,Gasoline,2.4,4,1,2,101,13
2025-11-26 00:19:26,2012 Dodge Charger,Dodge,Charger,Se,2012,13000,240000.0,km,Basra,Used,Gasoline,3.6,4,1,2,88,13
2025-11-26 14:56:14,2011 Peugeot Pars,Peugeot,Pars,Se,2011,2000,250230.0,km,Basra,Used,Gasoline,1.8,4,1,2,88,14
2025-11-26 00:09:47,2011 Iran Khodro Soren,Iran Khodro,Soren,Se,2011,2700,260000.0,km,Mahawil,Used,Gasoline,1.6,4,1,2,139,14
2025-11-26 03:06:32,2011 Hyundai Sonata SEL,Hyundai,Sonata,Sel,2011,8400,200000.0,km,Shatt al-Arab ,Used,Gasoline,2.0,4,1,2,182,14
2025-11-26 01:46:12,2011 Kia Cerato,Kia,Cerato,Se,2011,9000,150000.0,km,Kufa,Used,Gasoline,1.6,4,1,2,134,14
2025-11-26 02:54:57,2011 Dodge Nitro SXT,Dodge,Nitro,Sxt,2011,12500,270000.0,km,Nahrawan,Used,Gasoline,3.7,4,1,2,149,14
2025-11-26 02:59:42,2010 Kia Cerato,Kia,Cerato,Se,2010,8500,200000.0,km,Baghdad,Used,Gasoline,1.6,4,1,2,82,15
2025-11-26 12:20:49,2008 Ford Mustang,Ford,Mustang,Se,2008,9500,172609.0,km,Duhok,Used,Gasoline,4.0,4,1,2,101,17
2025-11-26 01:28:48,2008 Land Rover Range Rover Vogue SE,Land Rover,Range Rover Vogue,Se,2008,10000,250000.0,km,Baghdad,Used,Gasoline,4.2,4,1,2,82,17
2025-11-26 16:08:39,2008 Ford Escape,Ford,Escape,Se,2008,11500,217000.0,km,Hillah,Used,Gasoline,3.0,4,1,2,116,17
2025-11-26 00:47:04,2008 Nissan Navara LE,Nissan,Navara,Le,2008,12000,300000.0,km,Baghdad,Used,Gasoline,2.5,4,1,2,82,17
2025-11-26 01:15:35,2008 Chrysler 300 Touring,Chrysler,300,Touring,2008,12200,200000.0,km,Kumayt,Used,Gasoline,3.5,4,1,2,135,17
2025-11-26 00:51:23,2008 Toyota Avalon Limited,Toyota,Avalon,Limited,2008,14200,140000.0,km,Sulaymaniyah,Used,Gasoline,3.5,4,1,2,187,17
2025-11-26 11:45:00,2007 Jeep Liberty,Jeep,Liberty,Se,2007,9000,239000.0,km,Kirkuk,Used,Gasoline,3.7,4,1,2,132,18
2025-11-26 12:46:12,2007 GMC Yukon SLE,Gmc,Yukon,Sle,2007,18000,400000.0,km,Hillah,Used,Gasoline,5.3,4,1,2,116,18
2025-11-26 14:57:47,2005 Mercedes-Benz E-Class E200,Mercedes-Benz,E-Class,E200,2005,12500,280811.0,km,Nasiriyah,Used,Diesel,2.4,4,1,0,151,20
2025-11-26 02:19:56,1999 BMW 7-Series 730,Bmw,7-Series,730,1999,9800,450000.0,km,Mahawil,Used,Gasoline,3.0,4,1,2,139,26
2025-11-26 00:58:14,1994 Volkswagen Golf,Volkswagen,Golf,Se,1994,0,450000.0,km,Baghdad,Used,Gasoline,2.0,4,1,2,82,31
2025-11-26 00:56:17,1994 Jeep Cherokee Laredo,Jeep,Cherokee,Laredo,1994,3200,300000.0,km,Khor Al Zubair,Used,Gasoline,4.0,4,1,2,129,31
2025-11-26 02:49:09,1993 Mercedes-Benz E-Class E300,Mercedes-Benz,E-Class,E300,1993,5500,450000.0,km,Baghdad,Used,Gasoline,3.0,4,1,2,82,32
2025-11-26 02:05:48,1991 BMW 7-Series 735,Bmw,7-Series,735,1991,0,450000.0,km,Al-Fallujah,Used,Gasoline,3.0,4,1,2,41,34
